"origen","destino","comercio","educa","sanidad","admin","ocio","transport","otros","colind","dist"
"Cuevas de San Marcos","Alameda",0,0,0,0,0,0,19.4728386508489,3,11321.3684893686
"Mollina","Alameda",0,0,0,0,0,0,30.7937255459538,1,0
"Villanueva de Algaidas","Alameda",0,0,0,0,0,0,9.12265768313675,2,10892.9730471625
"Fuente de Piedra","Alameda",0,0,0,11.7091086963021,4.47874228216994,4.13478443216453,19.4199163683434,2,2395.88826260944
"Periana","Alcaucín",0,0,0,0,38.6595684028069,0,0,1,0
"Alfarnatejo","Alfarnate",0,0,0,0.249563125985522,2.14165861351766,3.21473029061659,2.0547914928797,1,0
"Sayalonga","Algarrobo",0,0,45.3484536981007,7.05085052050827,8.39997509167795,5.65556301346218,0,1,0
"Árchez","Algarrobo",0,0,0,0,0,0.5980971492861,0,2,3542.49228367193
"Canillas de Albaida","Algarrobo",0,0,5.60676683188886,0,0,0,0,2,4846.47507135106
"Benadalid","Algatocín",0,0,0.667052448028707,0,0,0,2.04796312687208,2,1053.08983394248
"Benalauría","Algatocín",0,0,6.82920656043486,0,4.70625412561706,0,0,1,0
"Jubrique","Algatocín",0,0,7.59029283373634,0,0,0,7.76782489972185,1,0
"Gaucín","Algatocín",0,0,19.4297391469859,0,42.6553169616473,0,14.9131411837865,2,1549.71208892891
"Alozaina","Alhaurín el Grande",0,52.2054324652798,0,370.227996376969,0,0,0,2,9618.62941267465
"Yunquera","Alhaurín el Grande",654.401589626333,241.912280552246,42.4703352558842,341.3126864854,376.307777531141,201.814109631161,134.166312312306,3,15766.3531371073
"Cártama","Alhaurín el Grande",0,7.74345733057065,0,0,0,0,0,1,0
"Monda","Alhaurín el Grande",0,41.5488758551992,0,0,0,0,0,2,5574.69225593251
"Tolox","Alhaurín el Grande",0,44.5966439578495,0,0,0,0,0,3,11694.5061576887
"Guaro","Alhaurín el Grande",0,5.89707688698836,0,0,0,0,0,2,6893.12241191363
"Coín","Alhaurín el Grande",0,6.04592137572244,0,0,0,0,0,1,0
"Alhaurín de la Torre","Alhaurín el Grande",0,139.339704953491,0,0,0,0,0,1,0
"Cútar","Almáchar",0,0,0,5.56634165167738,1.24698349472736,0,0.512981335811108,1,0
"El Borge","Almáchar",0,0,0,8.88438895544597,0,0,4.55587254077399,1,0
"Carratraca","Álora",0,0,0,347.911576754932,0,8.81410678119803,0,1,0
"Casarabonela","Álora",78.1363851876013,35.3541099907427,0,131.756512731557,0,0,12.3764677867526,1,0
"Alozaina","Álora",88.4738017745065,0,0,148.656501234289,0,0,0,2,9046.00861703402
"Pizarra","Álora",116.156925375699,239.345131790266,0,383.267417113285,0,0,127.572116136458,1,0
"Cártama","Álora",39.3675945317049,0,0,12.9936020829965,0,0,42.8289276699129,1,0
"Alhaurín el Grande","Álora",0,0,0,1467.35896954976,0,0,0,2,9515.00632762729
"Ardales","Álora",23.2492688953193,26.7851746352279,0,56.6083529637785,0,0,4.19468673746515,1,0
"Yunquera","Alozaina",0,42.6858731170358,0,0,0,13.6017108539775,0,1,0
"Casarabonela","Alozaina",0,37.6239857977241,0,0,0,9.68282825043109,0,1,0
"Tolox","Alozaina",0,40.3838482837394,0,0,0,5.71919036976921,0,1,0
"El Burgo","Alozaina",0,34.9497004430582,0,0,0,0,0,2,221.924666093089
"Alameda","Antequera",151.689406384734,413.29266376443,340.265733485869,290.498937893208,240.224815756337,0,0,1,0
"Archidona","Antequera",5.93564493542897,0,0,8.33144937879065,3.56849145956447,1.47483904720308,0,1,0
"Valle de Abdalajís","Antequera",339.3393786938,222.80046434849,236.348906624795,334.820991830742,103.537158271135,46.7620266744093,0,1,0
"Riogordo","Antequera",344.185455215221,107.530288610719,46.4747781431909,298.071657204785,249.730967447381,103.212516061942,48.008587234341,2,2838.47473606292
"Carratraca","Antequera",71.7243102844553,35.3486912953072,113.408968267518,14.6832507018996,44.4394303286194,12.7056352901026,6.18585523808434,2,6163.58908025755
"Almogía","Antequera",426.971382684653,329.923919732818,312.286944787899,71.3346128778718,149.324095758417,87.7878677274197,73.1768932949931,1,0
"Alfarnate","Antequera",0,0,0,0,0,16.9216122889298,0,2,3564.74280589754
"Cañete la Real","Antequera",0,135.58430104491,0,0,17.4646404672362,49.380790415246,116.193596248195,2,12951.3730005108
"Villanueva de Algaidas","Antequera",242.863437787474,170.888965760639,143.05880455008,95.8166543285647,163.12334948153,28.6995377477839,60.5481452868627,1,0
"Villanueva del Rosario","Antequera",357.144407181724,202.046476531624,250.289145885884,373.212975465992,83.8256854100727,147.456972450614,112.845591722745,1,0
"Humilladero","Antequera",0,0,0,17.4658532874169,0,0,0,1,0
"Alfarnatejo","Antequera",145.799828980506,154.725329509025,221.865834202777,253.41810494126,257.49815267148,87.8251772598804,15.2155400932585,2,3567.60196252714
"Cuevas de San Marcos","Antequera",0,107.579126190756,723.023001938755,0,68.3154130774315,0,0,2,2469.68557793187
"Villanueva de Tapia","Antequera",374.449607433512,266.184082269111,292.20075727318,182.329946996501,174.536187731155,46.6824458226053,115.064966014046,2,7627.84471648838
"Casabermeja","Antequera",255.825072347927,24.594798204777,261.607848157812,0,71.6901706771022,112.400467786195,0,1,0
"Fuente de Piedra","Antequera",0,0,0,0,54.6325262836911,34.5724788293179,0,1,0
"Sierra de Yeguas","Antequera",0,0,0,0,0,22.1325723646598,0,1,0
"Almargen","Antequera",0,0,0,0,13.1697785389751,4.5086011020819,0,2,14629.4378319348
"Teba","Antequera",189.111685299886,61.4179013050747,118.640198386919,122.45958600156,124.956040688608,69.9991323767146,30.1076580782545,2,4543.61922439621
"Mollina","Antequera",0,0,0,0,0,24.1295467420686,0,1,0
"Colmenar","Antequera",214.353695376571,101.790724134958,362.955926738033,0,116.087844609098,41.4756569558376,0,1,0
"Cuevas Bajas","Antequera",169.747296467771,59.0045497421462,476.90001246609,248.63336215643,0,0,0,1,0
"Campillos","Antequera",14.7214273250815,78.2770089199059,0,5.69625243169827,78.3885382894022,6.70897101793049,0,1,0
"Villanueva de Algaidas","Archidona",0,7.38770259512323,29.9338402799782,45.6618725392964,0,0,0,1,0
"Villanueva del Rosario","Archidona",0,32.6835454515135,5.40200817735741,260.715271662748,0,0,73.5197149779888,1,0
"Cuevas de San Marcos","Archidona",0,36.0473378268488,7.2035982702013,73.5619799922254,0,0,30.4895822300754,2,7103.11433493275
"Villanueva de Tapia","Archidona",0,73.7843946143311,0,146.341414132057,0,0,83.6819189274691,1,0
"Alfarnate","Archidona",52.3903652739691,87.3730022191373,14.0636288763808,63.2722427250427,77.6009098913579,34.4973967105401,20.8345843450377,2,5946.9664785578
"Cuevas Bajas","Archidona",0,0,0,33.2969096591826,0,0,0,2,5192.38503402558
"Carratraca","Ardales",11.4948825923062,0,0,7.76024178149158,12.4760872973649,0,0,1,0
"Árchez","Arenas",0,0,0,0,1.63033952805754,0,0,2,544.298391356781
"Canillas de Albaida","Arenas",0,0,0,0,1.29166368509218,0,0,1,0
"Salares","Arenas",0,0,0,0,0.52316441081721,0,0,1,0
"Jubrique","Benadalid",0,0,0,0,2.87118014113529,0,0,1,0
"Jubrique","Benalauría",0,0,0,0,4.85130437640101,0,0,1,0
"Torremolinos","Benalmádena",0,87.4106979672884,0,0,0,0,0,1,0
"El Borge","Benamargosa",0,0,42.8558193096805,0,0,0,0,2,808.570423934362
"Cútar","Benamargosa",30.7353285796618,0,26.8504827103509,1.04003456575867,16.1389001030517,8.71763444179452,10.5769847788022,1,0
"Comares","Benamargosa",0,0,16.2090806313936,0,0,11.5832762457184,0,2,777.438100970448
"Iznate","Benamocarra",0,0,0,0,0,2.46144567869818,3.3251533808009,1,0
"Almáchar","Benamocarra",0,0,44.6466190989816,0,0,8.87834938438139,0,2,1356.74149353094
"Cuevas de San Marcos","Benaoján",0,0,0,1.12188074820045,0,0,0,6,87369.498655987
"Montejaque","Benaoján",6.50743051216831,0,8.54238531462313,0,0,1.43961187306987,4.39324163970283,1,0
"Jimera de Líbar","Benaoján",4.65426762651955,0,4.97203851129767,0,0,3.37518087205151,0.900023366177845,1,0
"Atajate","Benaoján",0,0,0,0,0,3.62567466185779,0,2,1797.10842868044
"Yunquera","El Burgo",0,0,0,0,0,17.1575711093076,0,1,0
"Almargen","Campillos",83.3015239895508,97.9637146237129,6.39723867558808,145.701224130902,93.2305986484037,0,60.9157589911094,1,0
"Ardales","Campillos",28.9911113835866,74.657489389138,0,208.904529118546,25.6071867569151,0,9.8383426865815,1,0
"Carratraca","Campillos",0,0,0,0,0,0,0,2,6817.30099802678
"Cañete la Real","Campillos",0,0,0,0,0,110.970436389424,61.614364089944,2,6843.53843014635
"Teba","Campillos",0,114.756762256736,36.4968784339936,148.704393148346,0,21.7473535418572,124.27242445512,1,0
"Sierra de Yeguas","Campillos",0,25.9683805079481,0,57.5384697989799,0,0,0,1,0
"Viñuela","Canillas de Aceituno",0,4.91640619601786,0,10.4164927651096,0,0,0,1,0
"Salares","Canillas de Aceituno",0,0,0,2.08511169362508,0,0,1.06923539222247,2,2769.47212962484
"Sedella","Canillas de Aceituno",20.2144499626063,0,0,4.22461760534472,3.07602269934852,3.91429059499984,1.55732444617574,1,0
"Árchez","Canillas de Albaida",3.6274087885945,0,0.126498503792397,0,1.05928597301207,1.67006254442395,4.57199612751899,1,0
"Almargen","Cañete la Real",10.4059442623033,0,0,0,0,0,0,1,0
"Pizarra","Cártama",0,0,75.7795089416929,0,18.5334798849566,0,0,1,0
"Carratraca","Cártama",0,0,0,0,0,6.22457337129364,0,2,7825.46497903487
"Ardales","Cártama",0,0,0,0,0,16.9285126266023,0,2,10849.8264112094
"Alozaina","Cártama",0,0,0,54.9146814258147,0,0,0,2,3677.33124782981
"Comares","Casabermeja",0,0,0,0,5.47343024994957,0,0,2,8170.97104683671
"Alozaina","Coín",158.67208372788,71.6213065105133,20.052713239418,91.8487244454189,83.149190059791,34.62472566049,69.5246285678651,1,0
"Guaro","Coín",195.721173992806,125.141281793874,19.559035656736,109.378214372959,110.378876244705,38.1165028399576,52.9265247959616,1,0
"Yunquera","Coín",312.405528387587,176.649446380584,1.86382664791358,310.162208085305,123.177916455711,66.8387512434168,43.2219086658185,2,5264.08948046216
"Cártama","Coín",0,23.230371991712,0,49.7291507896883,0,0,0,1,0
"Alhaurín el Grande","Coín",0,709.162253404905,0,1445.47843513009,0,0,0,1,0
"Alhaurín de la Torre","Coín",0,0,0,92.2285163087797,0,0,0,2,5893.00640719839
"Tolox","Coín",0,13.4612827612465,0,0,0,0,28.3827841283681,2,1720.12069028944
"Monda","Coín",365.724637871339,12.5413285992414,8.61291068357771,182.900062528366,153.642176130841,138.893777780068,101.268961514892,1,0
"Casabermeja","Colmenar",0,0,21.2986614242822,0,0,17.5684220386045,21.7968234119953,1,0
"Riogordo","Colmenar",0,0,0,0,3.23937708670485,2.29458384491121,23.6999583603469,1,0
"Comares","Colmenar",0,0,0,0,0,0,61.0585644138749,1,0
"Alfarnatejo","Colmenar",0,0,15.5881835478725,0,2.69299692835256,0,3.98766388580378,1,0
"Alfarnate","Colmenar",0,0,63.9776159694517,36.7689606068498,0,6.4894813244668,42.2395200993402,1,0
"Salares","Cómpeta",0,0,0,0,0.205528875678189,0.418122627160496,0,2,2351.13952872715
"Sayalonga","Cómpeta",0,0,0,2.35028350683609,0.926667148166445,1.88518767115406,0,1,0
"Canillas de Albaida","Cómpeta",17.1494483555686,0,0,5.76578711802412,11.8002082159739,27.4015630061798,10.2845839981408,1,0
"Árchez","Cómpeta",4.52486831744422,0,0.159825444720493,2.98261629218543,6.0011863364023,17.0952956449351,7.58093393791371,1,0
"Benaoján","Cortes de la Frontera",0,6.81621851197254,0,0,0.81017020555359,0,0,1,0
"Algatocín","Cortes de la Frontera",0,10.6742761920727,0,0,0,0,0,2,278.707873721577
"Benarrabá","Cortes de la Frontera",0,14.4330161220781,0,0,0,0,0,1,0
"Benadalid","Cortes de la Frontera",0,0.971300440814668,0,1.42627376243249,1.62859765684733,0,0,1,0
"Jubrique","Cortes de la Frontera",0,16.434394357673,0,5.40978726631882,0,0,0,2,6499.2530898319
"Atajate","Cortes de la Frontera",0,0,1.93944764625086,1.03671881410291,0,0,0,2,2950.79900255837
"Gaucín","Cortes de la Frontera",0,17.25799777069,0,0,0,0,0,1,0
"Jimera de Líbar","Cortes de la Frontera",8.63240287076546,17.1108652729694,0,3.83479237566699,7.23113831331057,4.95261791779412,0.162299295540267,1,0
"Cuevas Bajas","Cuevas de San Marcos",22.5059863797757,0,0,0,4.41560805076676,10.0387998768591,0,1,0
"Manilva","Estepona",50.9180985300393,11.9460804804151,10.2784296341154,0,25.5190870075935,14.9132290712921,9.82291716899751,2,1923.26342413224
"Benahavís","Estepona",0,0,0,0,2.91030512694511,0,0,1,0
"Istán","Estepona",0,0,0,33.8284490613943,0,0,0,2,6172.74243326755
"Jubrique","Estepona",466.565230746409,255.74936668463,223.401247899969,351.369617923932,227.268077126187,175.250347674277,121.326085329903,1,0
"Casares","Estepona",267.960192121673,244.710986234127,38.8947409784492,368.524794080932,232.923374415585,160.236105871669,101.754094847247,1,0
"Moclinejo","Frigiliana",0,0,0,0,0,0,0,4,27214.8465984388
"Mijas","Fuengirola",0,0,0,942.56365701355,0,0,0,1,0
"Humilladero","Fuente de Piedra",0,0,0,21.1049566206921,0,0,0,1,0
"Algatocín","Gaucín",0,0,0,9.10196582782424,0,11.7756153689302,24.9517523799598,2,1549.71208892891
"Jimera de Líbar","Gaucín",1.15036256650645,0,0,0,0,0,0,2,8900.15923978581
"Benadalid","Gaucín",0,0,0,2.05791458457779,4.46165610891517,0.41266885376275,0,2,6323.93777753147
"Jubrique","Gaucín",0,0,0,25.9794918373688,0,4.69569889545896,0,2,3925.14352517852
"Cortes de la Frontera","Gaucín",0,0,0,0,0,0,18.5597391830212,1,0
"Benalauría","Gaucín",6.3201952826501,0,0,5.26717345215726,4.71985283672048,4.22485645878692,0,2,919.402672874577
"Benarrabá","Gaucín",0,0,0,5.57540735469314,0,5.38577974026694,3.05193572127219,1,0
"Monda","Guaro",0,0,0,15.0853298182266,0,0,0,1,0
"Fuente de Piedra","Humilladero",83.1452187975644,0,0,0,21.3163041544392,43.0288443653248,0,1,0
"Mollina","Humilladero",0,0,0,0,0,0,6.11825771717871,1,0
"Pujerra","Igualeja",0,0,0,2.8738278559963,0,0,0,1,0
"Gaucín","Jimera de Líbar",0,3.11209795864901,0,0,0,0,0,2,8900.15923978581
"Atajate","Jimera de Líbar",0,0,0.253765995449793,0,0,0,0.143882354202365,1,0
"Benahavís","Málaga",0,2677.40402036077,1699.45648758554,4755.04022998727,0,0,0,4,40339.7714855993
"Rincón de la Victoria","Málaga",0,43.9711177537525,0,53.0161679215514,0,0,0,1,0
"Alameda","Málaga",27.3023623219721,296.176313532754,113.421911161956,472.920387351231,42.8670440209156,0,0,3,40640.4354593332
"Marbella","Málaga",37.8327675047613,91.5680164368208,0,114.84940239658,48.4662253273015,35.6243059080046,0,3,22224.8508014067
"Árchez","Málaga",0,36.1357492991453,0,32.5007788511848,0,0,0,4,21958.8773505487
"Valle de Abdalajís","Málaga",0,0,0,1628.96868389193,0,0,0,3,15976.219103921
"Alhaurín de la Torre","Málaga",0,198.206335913635,0,286.128030735412,22.6397765041165,3.73645393268393,0,1,0
"Nerja","Málaga",644.642965534446,404.443743143547,329.214215589894,570.43629257564,280.391465832182,92.2961406521481,60.2937215160879,4,31765.9854688327
"Benaoján","Málaga",110.616948755801,116.360222532344,0,348.928298316305,45.5818318950459,0,15.0293273642589,5,56079.6086159452
"Benalmádena","Málaga",0,107.785290078174,0,21.6877083495394,0,0,0,2,2370.11902242822
"Benamocarra","Málaga",0,170.665225605602,0,272.510193803397,0,0,0,3,7702.06089006029
"Algarrobo","Málaga",0,8.61224992332642,0,6.45636808915889,0,0,0,3,18939.4025253892
"Benalauría","Málaga",128.81614283931,190.754463167777,0,348.928298316305,110.435299464215,0,0,6,60208.4641986302
"Álora","Málaga",271.89991569844,344.962326433691,305.082429333971,341.124907748464,160.890358901436,55.1081308840653,14.3628818078392,2,4138.96357286683
"Arriate","Málaga",12178.2898019251,5249.9459523939,2699.11101734593,11724.6484351159,2476.77396172002,1773.61749996924,0,5,46462.08065765
"Gaucín","Málaga",0,19.716062870618,0,36.0646464187378,0,0,0,6,66267.6210126509
"Almáchar","Málaga",0,148.773709954778,0,0,0,17.0769582631061,0,2,2597.40063635521
"Monda","Málaga",25.473761038422,71.4629534332495,0,130.720122192838,37.3240694726155,0,0,3,21748.9014395044
"Almargen","Málaga",0,86.0167664039896,0,79.9778144252358,0,0,0,4,43127.0357867772
"Alcaucín","Málaga",0,119.363656563298,0,7.94817757478897,0,0,6.19892374169792,3,10996.4786410249
"Guaro","Málaga",91.7109939831706,63.0870331664511,36.2273680968786,152.718531083242,14.4857621056598,0,0,3,21174.2979630202
"El Burgo","Málaga",0,36.7633047387811,0,47.9899656420936,0,0,0,3,26300.8144648932
"Viñuela","Málaga",84.0613925796414,167.047142160154,18.1468012170945,215.083568493619,84.2545948101335,56.8210859191688,35.8972329232044,3,6751.66728308064
"Alhaurín el Grande","Málaga",0,174.459168303103,39.8636623025463,425.494566580692,0,0,0,2,6391.40104268862
"Casares","Málaga",68.3046326807221,34.2897784915745,35.1451424732802,224.010374758658,29.2633280082639,6.06796689678692,0,5,61989.0571765195
"Canillas de Aceituno","Málaga",0,38.2504058846375,0,69.9676894243651,0,0,0,4,11531.7676865632
"Alfarnate","Málaga",0,205.121688792739,0,93.8022112689252,0,0,0,2,10750.5939659832
"Cómpeta","Málaga",0,232.516035883411,0,312.522346095497,0,0,0,4,23937.0866083884
"Ronda","Málaga",0,193.117902880974,196.535012177263,173.691769936194,0,0,0,4,36501.7523610873
"Riogordo","Málaga",675.196203966613,1377.46677518155,1236.27182619833,4130.59658525272,719.33990613702,0,0,2,1484.39484159736
"Alozaina","Málaga",118.286391381475,74.5572088550184,63.5738764825738,112.008443791584,72.6848594142773,41.1542767402904,37.7670933701574,3,20759.9246775221
"Moclinejo","Málaga",761.773982600371,1107.78959016514,697.335339503029,1013.41842793556,469.736741655441,257.32604633768,32.3921942429815,1,0
"Alpandeire","Málaga",0,304.883723002427,0,70.8697119147697,12.6395889796846,0,0,5,54480.6978631208
"Iznate","Málaga",88.2485154744394,100.746418091859,91.6148792408807,63.1553070644785,52.4054457297807,40.8035625211971,12.5840602123955,3,5403.511543569
"Vélez-Málaga","Málaga",405.481123118928,457.273010697271,301.061099766302,506.594932333563,262.059311575484,128.497401428544,61.9402340672424,2,4389.98823697328
"Ardales","Málaga",186.779728297221,322.590865832156,139.424334429573,237.315071230154,83.2436558157936,34.4041720206472,91.9335189957128,3,19601.2819837718
"El Borge","Málaga",0,60.437507171185,0,94.0426636715315,0,0,0,1,0
"Benadalid","Málaga",146.814343430647,108.387824977522,99.4644899227909,142.535166683056,80.4502712759351,37.3238194557212,0,6,59408.655004624
"Carratraca","Málaga",0,3662.83305216634,0,5933.03252598478,0,0,0,3,19028.260069487
"Cuevas del Becerro","Málaga",0,122.89886508625,0,0,0,0,0,5,38277.0349124532
"Igualeja","Málaga",1203.49769151336,1254.27432767225,1100.57126333774,1638.48900618427,761.934362737606,205.967873782767,281.701410566264,5,43143.1574757517
"Sedella","Málaga",566.908503366495,916.206063555438,1403.45919641057,1675.92525676475,798.264573681551,175.548270881938,0,4,14056.5768039526
"Algatocín","Málaga",0,61.0942246649653,15.3681907920235,0,0,0,0,6,61559.3771049186
"Istán","Málaga",0,144.791780324286,0,0,0,0,0,4,30623.8436748477
"Colmenar","Málaga",0,155.950495835762,0,232.31548260903,0,61.6226842309403,0,1,0
"Archidona","Málaga",14.4546719638819,45.8883320307132,28.5484552695043,62.9738024064676,8.2189677479944,6.94598939424328,3.06843924770058,3,15641.6426776331
"Atajate","Málaga",0,2042.19849954808,0,933.898000914239,0,0,0,6,58134.6291293463
"Sierra de Yeguas","Málaga",129.079896822596,260.58505436673,138.302415976592,248.584392507704,63.0022126628019,26.0384883495373,4.92819320728578,3,40283.2100415418
"Casarabonela","Málaga",110.57840668635,158.510925901576,99.5121261727539,356.493910262192,0,0,9.00838378880483,2,14603.5704926212
"Comares","Málaga",0,472.003789038233,0,863.389910636596,0,0,0,1,0
"Cuevas Bajas","Málaga",1812.12203891093,1283.11066548667,1108.94802624006,1679.79270448168,856.474260150071,156.183262383998,517.049109037091,3,35618.5899812758
"Jimera de Líbar","Málaga",394.791506545939,303.249522885058,160.023415135072,288.611578661594,215.945363956689,102.636562718501,95.3144092349773,6,58879.6028439718
"Arenas","Málaga",0,1601.35479725489,1355.25943708929,3576.28863000746,0,0,0,3,11901.6833500889
"Faraján","Málaga",782.310826015358,721.16442231199,545.504953850881,771.804728204231,383.462842355276,11.722492185297,31.9932188537266,6,54272.6036936023
"Frigiliana","Málaga",24.4870308939968,125.822066836783,0,0,18.2108420945637,6.23438142823766,0,4,29368.4190239332
"Villanueva del Rosario","Málaga",499.626539799003,471.786103801492,180.52715641176,634.007427922983,59.3743894680054,0,0,2,8166.20185948212
"Campillos","Málaga",0,314.16782823279,0,508.88695088648,0,0,0,3,24358.986585412
"Cañete la Real","Málaga",0,75.3324810351508,0,114.223675092785,9.03790680323378,0,0,4,32247.9563327035
"Fuengirola","Málaga",19.7981324978833,165.35500347456,162.534884873833,48.5223081942955,75.0769755329691,8.42196361038319,0.872403103062905,3,7898.0938298154
"Cortes de la Frontera","Málaga",0,1436.16029489046,152.782282204465,0,0,0,0,6,65149.8568291822
"Torremolinos","Málaga",0,200.512071301983,0,0,0,0,0,1,0
"Alfarnatejo","Málaga",0,10.2623040178296,0,18.7718191138541,0,0,0,2,8881.664242967
"Benamargosa","Málaga",202.788613490274,115.187846702834,53.5194256053667,149.26670691453,44.2893440955281,11.4865248981146,0,3,4094.61549274629
"Estepona","Málaga",0,102.809627524074,0,95.5917044431777,14.8801393881927,0,0,4,45776.7692710112
"Canillas de Albaida","Málaga",0,123.006842892118,0,105.924071518104,0,0,0,4,21001.7812108645
"Villanueva de Algaidas","Málaga",30.1674756507514,31.0439865686364,0,14.2693605997303,4.88960635587548,0,0,3,28848.1924190037
"Sayalonga","Málaga",24.8259365357826,205.805842393927,0,252.620352345096,49.178442041313,0,16.2152084278881,3,20581.8171460638
"Mijas","Málaga",0,46.3358575350486,0,21.1894018785171,0,0,0,2,6186.92424845801
"Benarrabá","Málaga",70.5871630846491,116.873522508241,158.533439876939,189.310951548201,80.6662321402301,48.384635632612,3.58782925432533,6,62619.1985650765
"Cártama","Málaga",55.9669991916412,244.056248278565,51.6374532094844,111.606997276914,23.4286785854681,0,0,1,0
"Yunquera","Málaga",357.505989040748,405.602061373604,103.894661169352,496.258636209887,143.360723461899,13.4425960405203,0,3,26685.7481587994
"Pizarra","Málaga",181.544732615491,370.266625370315,84.1765216389634,376.624426078875,268.238278644774,37.4906564520111,46.2493614815375,2,5386.56200676579
"Antequera","Málaga",293.533270010232,187.42233442465,92.6024872191097,204.547889441348,159.916433482438,75.388901570312,35.4780271303828,2,2668.35034655429
"Jubrique","Málaga",306.795029946708,1669.3969826822,852.403056838324,2773.38882472909,234.888859673948,0,0,5,55025.3792064631
"Pujerra","Málaga",0,122.049106964087,0,29.4945097288889,0,0,0,5,49257.1223768867
"Cútar","Málaga",0,60.0120834579111,0,72.3568300388556,0,0,0,2,1498.54362517971
"Cuevas de San Marcos","Málaga",0,1207.85695106624,1638.40118122819,0,0,0,0,4,36721.7276024677
"Humilladero","Málaga",6.78385462130777,135.400217253424,0,0,0,0,0,3,30191.5531796302
"Fuente de Piedra","Málaga",32.7025577382239,234.447272008159,0,215.306888228635,16.1357284306871,4.05586220043544,19.6467615062163,3,33537.3025135346
"Tolox","Málaga",2544.37061630374,1796.29105511257,1561.20324487993,3572.6736173672,1032.66738821485,1382.90435599439,120.866762125675,4,23747.3329774789
"Teba","Málaga",0,19.467279742913,0,0,0,0,0,4,28207.0664554351
"Totalán","Málaga",0,19.2184966152081,0,17.2852679260174,0,0,0,1,0
"Coín","Málaga",121.404680403144,195.543538376098,74.8841849418713,357.688480569437,101.951277432474,37.4668225953982,0,2,12265.5576354737
"Villanueva de Tapia","Málaga",415.22644952513,310.997736524346,332.210963976278,371.596382246926,291.790982163958,36.9901454631413,0,4,28715.6890374418
"Montejaque","Málaga",3.47029063513613,27.5271448911614,0,0,3.4182658414935,2.74089351047761,0,5,57218.3230021468
"Salares","Málaga",358.355065736198,293.529867664833,266.924659844342,283.738890120921,222.91710997847,29.7208191962224,48.8857416973743,4,19860.3337739662
"Mollina","Málaga",1082.94495274472,1425.10233290751,1077.97938763149,1314.34294829439,690.373407691464,258.630437356796,145.142402266551,3,28213.8423927779
"Manilva","Málaga",0,79.1132574537327,0,118.319344717626,0,0,0,6,68141.7158128511
"Ojén","Málaga",0,33.3364930781184,0,12.0310295229701,6.28663674326848,0,0,3,21696.7983667728
"Casabermeja","Málaga",16.0333488621724,33.578153495993,0,8.58669458460734,30.2621257466639,0,0,1,0
"Almogía","Málaga",15.8278839330874,71.6495407790282,38.5492576816561,88.8256854354029,55.3076687241717,0,0,1,0
"Casares","Manilva",19.8729779260735,42.47620914523,0,0,3.82476346826575,0,0,1,0
"Casares","Marbella",18.1009084206509,0,315.256702255283,0,0,23.1761651755251,0,2,17140.7485436546
"Manilva","Marbella",252.289971179328,108.966473996192,144.0579760026,113.136824660412,103.608112545443,60.9784802650225,67.4181752732472,3,21529.660758686
"Guaro","Marbella",9.01119896614225,0,0,0,1.20823003195011,11.593602832639,9.13265628373721,3,11563.4844101894
"Tolox","Marbella",0,0,0,0,7.55745314146378,15.3685474210971,0,2,9102.52093627565
"Jubrique","Marbella",0,0,2078.33401766197,0,0,0,0,2,13977.7270257604
"Istán","Marbella",45.9818658470571,11.1470410602446,0,0,36.8983011603459,15.6717124499695,0,1,0
"Mijas","Marbella",0,0,0,5.12013336085127,0,0,0,1,0
"Ojén","Marbella",0,0,258.029353346475,486.823968667731,44.1273099098128,0,0,1,0
"Estepona","Marbella",846.159749420516,0,1882.23859632987,0,1144.40626637769,178.374465121444,0,1,0
"Monda","Marbella",455.366579750943,171.496493825811,211.484814696239,366.444120328174,214.860263850721,105.934117788823,95.7830280258352,2,4605.97048800134
"Benahavís","Marbella",130.985759808234,64.7225194586748,136.525492394022,229.73118292215,111.577058884046,70.1670643258148,76.123885974158,1,0
"Fuengirola","Marbella",0,0,566.485495861846,0,0,0,0,2,8503.26301661647
"Fuente de Piedra","Mollina",0,0,26.0513395076094,0,1.75950589656676,0,0,2,757.658586866153
"Humilladero","Mollina",0,0,0,0,0,16.9285126266023,0,1,0
"Benaoján","Montejaque",0,0,0,0,9.67779193903783,0,1.33091085984869,1,0
"Canillas de Albaida","Nerja",0,2.2539308294018,0,0,0,0,0,2,7482.10819855387
"Árchez","Nerja",0,4.66379398033454,0,0,0,0,0,2,8093.32023922696
"Frigiliana","Nerja",324.708575085876,116.082127932901,24.9777348380793,290.121867051239,177.778677029376,15.4523579602792,89.3931636500068,1,0
"Cómpeta","Nerja",0,35.6517989682109,0,0,0,0,0,1,0
"Monda","Ojén",0,0,0,0,0,7.30164808241865,0,1,0
"Igualeja","Parauta",0,0,0,0,0,7.56256577820722,0,1,0
"Alfarnate","Periana",0,18.7799014746061,0,13.2631235120586,0,3.07221413116135,0,1,0
"Alfarnatejo","Periana",0,13.8306626037041,0,4.00704073296645,0,0,0,1,0
"Viñuela","Periana",0,0,0,0,0,2.41283256097361,0,1,0
"Alcaucín","Periana",0,0,0,47.2962216927207,0,0,0,1,0
"Comares","Periana",0,26.3217535647282,0,0,0,0,0,2,3128.37222889845
"Riogordo","Periana",0,31.0131524009899,0,0,0,0,0,1,0
"Sedella","Periana",0,7.97578864175569,0,11.7117810271989,0,0,0,3,8755.00524597371
"Canillas de Aceituno","Periana",0,47.0160759633109,0,0,0,0,0,2,3058.57226516234
"Colmenar","Periana",0,13.521186753191,0,0,0,0,0,2,4301.83800146438
"Ardales","Pizarra",0,0,0,0,0,5.64283754220078,0,2,6696.47189780532
"Casarabonela","Pizarra",0,0,0,0,0,4.5339036179925,0,1,0
"Álora","Pizarra",0,0,0,0,62.4981411236273,47.5895605373607,199.252645226349,1,0
"Almáchar","Rincón de la Victoria",16.1085643506339,62.3318549922594,0,0,0,1.59337443588535,0,2,2513.86888502883
"Totalán","Rincón de la Victoria",0,0,0,0,7.2277636002089,5.77077923128843,3.58597393247496,1,0
"Comares","Rincón de la Victoria",0,0,0,0,0,0,3.110287612287,2,7767.25821621241
"Moclinejo","Rincón de la Victoria",23.1225646460201,47.1530427877575,0,9.46459394845469,26.9402001863036,33.559557894095,36.6541718855151,1,0
"El Borge","Rincón de la Victoria",32.7649652249657,22.9989525197343,0,0,11.0509965379359,0,0,2,2766.62615454341
"Comares","Riogordo",0,0,0,0,1.67553987243354,0,0,1,0
"Almáchar","Ronda",65.7342167493532,27.1651834855663,33.4993658906491,60.882610419803,38.1476424748573,22.7049380467269,13.4400276293574,6,66297.5953320197
"Jubrique","Ronda",152.339368839659,38.8018207516454,58.9130996214313,132.910954214844,79.9440292477304,46.3049201790293,49.4039233313534,2,8270.38455321071
"Igualeja","Ronda",201.294866508238,75.8316682894574,111.307797208547,55.9921884075238,124.757698931931,67.5858407764138,47.0026454519085,2,2737.92853169266
"Faraján","Ronda",64.8941628611825,26.818024591182,33.0712589783086,24.9500602772588,39.570413672314,24.6621810393031,23.264351031477,2,2284.17342833854
"El Burgo","Ronda",119.855615132515,37.3334983320824,192.736267350389,0,83.0482971305734,15.8693345446049,0,1,0
"Benaoján","Ronda",100.483091708949,38.9426638894978,66.767292846311,44.0824796048997,69.7154275718036,37.2225559097234,21.2106311990552,1,0
"Cortes de la Frontera","Ronda",585.162828355785,53.0169893205204,360.416300735881,85.1199194294893,134.668412127866,191.687424652861,77.6556855180276,2,8258.28447765084
"Almargen","Ronda",108.642245609878,59.2787183234285,52.8481172500737,54.0539972703403,93.7192649907007,56.6522323522378,38.2253491858711,2,9347.86004490773
"Benadalid","Ronda",129.753838405267,50.4248294093099,55.3533224570321,75.572223228846,69.6963683456271,37.266165329881,24.1031074413345,2,6587.66116688619
"Pujerra","Ronda",74.907692984463,27.5123423799505,33.9274728029897,22.7221886743955,40.5948904016943,25.3006841082819,24.2350856521539,2,6171.5712732751
"Cuevas del Becerro","Ronda",191.90240422689,150.406590991969,185.477319771549,101.970791627293,157.970874605712,91.9730974666674,42.5691295252574,1,0
"Jimera de Líbar","Ronda",52.3644469794065,5.99630654614441,40.300267468717,58.8668344308166,37.2250197974661,24.0549628427503,20.9172858312414,2,1597.87050789484
"Benalauría","Ronda",246.51118089042,159.181617746928,134.789730337281,140.242311049757,192.055155882236,100.850734220332,71.3728173955399,3,9088.83721931889
"Teba","Ronda",235.204537299633,12.7005047250002,207.408232339,0,12.7801113181578,17.077380772914,0,2,8621.3893890035
"Arriate","Ronda",35.6501893505231,14.3203043933496,15.7199624877974,11.164248158563,19.3115279494225,13.1691257976861,8.09515767104912,1,0
"Montejaque","Ronda",175.023744690665,84.0992421645806,95.1665141998785,92.881006131539,105.602949786607,70.9802559267444,50.3490747557695,1,0
"Benarrabá","Ronda",228.65824856276,113.328205997713,218.548578749858,95.0474451837342,200.068265784501,39.5272553575177,80.5596124411522,3,12724.5326564807
"Algatocín","Ronda",22.4115137982141,0,0,0,0,0,0,3,11186.5516846833
"Alpandeire","Ronda",250.111360688371,243.897501541297,314.208704756096,547.70209916082,358.607869524129,92.3964856438583,130.110480818276,1,0
"Ardales","Ronda",412.010117550252,0,252.52956491689,127.726098326627,76.1723749514844,122.866208423395,66.1043837604953,2,6965.66195656738
"Cañete la Real","Ronda",207.170620402546,0,104.854033428433,118.566740603381,172.014620623859,106.749520048475,58.940284518649,1,0
"Gaucín","Ronda",137.137201907445,113.449801384856,157.485442377752,37.6211836408946,66.3580581794215,67.2171533422101,0,3,17385.9954366705
"Atajate","Ronda",44.1774392162881,18.7299668154906,21.6268574832122,30.1642023978402,22.593155199486,17.7048557285085,15.0426766276434,2,2375.55140063122
"Yunquera","Ronda",50.042284767283,0,0,0,0,2.85141204927301,0,1,0
"Árchez","Sayalonga",0,0,0,0.557282365040067,0,0,0,1,0
"Salares","Sedella",0,0,0,0,3.00281205143512,0,0,1,0
"Almargen","Sierra de Yeguas",0,0,0,0,0,0,1.81882796101105,2,9079.51572625068
"Almargen","Teba",11.8083999970795,0,0,0,0,0,32.4100686107784,1,0
"Cañete la Real","Teba",0,0,0,0,0,0,40.1565265959912,1,0
"Canillas de Albaida","Torrox",0,8.16405833072417,0,22.2531373792824,0,0,12.9590510900531,2,3298.46907313306
"Frigiliana","Torrox",0,0,0,12.6367983644703,0,0,0,1,0
"Sayalonga","Torrox",0,0,0,23.6014322054493,0,0,0,1,0
"Nerja","Torrox",0,0,0,340.961633423657,0,0,0,1,0
"Cómpeta","Torrox",0,43.0452970687029,0,135.404186389348,0,0,37.4420406780467,1,0
"Árchez","Torrox",0,4.22323143208845,0,17.7129134481494,0,0,0,2,1476.86070213355
"Sayalonga","Vélez-Málaga",44.8328079346761,6.73952137896712,24.6161474595824,23.0278251236226,21.5907729670419,13.7489875941322,10.4151604849242,1,0
"Benamargosa","Vélez-Málaga",168.225511042229,129.148382353735,122.004408454265,143.254867678553,158.738256623717,102.631191557182,106.428682062055,1,0
"Cútar","Vélez-Málaga",98.4846896816475,48.3518943690203,38.8639283339257,105.624705203928,43.0288869039116,40.2874761023224,37.9919729129649,2,1463.17434298162
"Periana","Vélez-Málaga",290.19477001514,234.244987610672,320.306144751363,156.488496918567,116.543324274473,184.706300082423,66.735661105152,2,3303.37630760185
"Comares","Vélez-Málaga",190.267419596682,12.0821163903671,113.233976180921,16.0468201405937,75.5754725603958,19.8418056264143,9.36948964682297,3,2658.96936606126
"Árchez","Vélez-Málaga",57.1069214779494,9.08521933577667,35.2117935400114,23.1605090272878,32.6993090871696,6.89498337310475,13.1337645339883,2,3451.69270324522
"Alfarnatejo","Vélez-Málaga",50.3773920888478,6.13259880643842,0,2.77714979293022,25.2042332055606,15.329482873411,16.6391746479352,3,10424.8788209814
"Alfarnate","Vélez-Málaga",11.9142257019169,0,0,0,0,0,0,3,11213.2262217878
"Cómpeta","Vélez-Málaga",328.529126848701,58.6895165519073,269.17222113413,0,191.875756634271,119.884298762629,24.8050226848063,2,2309.7112914949
"Arenas","Vélez-Málaga",258.168659682605,33.5140126541338,135.388811027703,156.433494343444,168.863867017601,89.9416681802586,53.0724217450909,1,0
"Viñuela","Vélez-Málaga",48.1271581139731,17.4803391778827,24.5291062136796,21.6905531124486,52.8250231682284,29.8892273915009,18.3843189997928,1,0
"Rincón de la Victoria","Vélez-Málaga",236.680145003014,94.8049862158532,60.4805644624848,53.4816427600933,100.50919598199,71.4822274681851,53.1041675439884,1,0
"Canillas de Albaida","Vélez-Málaga",111.379152621869,24.3247088941445,62.4622322302608,0,65.4283887954436,17.8181215492704,4.52745789956815,2,4665.62413357177
"Riogordo","Vélez-Málaga",15.5641063761743,0,0,0,0,0,28.4007679474772,2,7267.25028736403
"Iznate","Vélez-Málaga",166.70747241237,64.6583440790635,79.7349124234301,124.984812899906,106.368551264302,54.8279140393756,44.876706485643,1,0
"Algarrobo","Vélez-Málaga",1021.42476616073,275.687036263356,426.153892169199,218.303607129019,486.371437350343,221.35087616235,176.465791601015,1,0
"Nerja","Vélez-Málaga",0,0,754.506885122068,1630.75912229081,0,100.39502920096,0,2,7075.62464612962
"Alcaucín","Vélez-Málaga",315.812754661366,120.030187733349,131.76186739772,108.840323048582,165.90374771429,86.0399656993037,54.5611870744924,2,3053.91718461204
"Benamocarra","Vélez-Málaga",261.705514902912,238.151001547584,293.681341865627,261.23384131462,342.608700427046,96.829208012096,133.010439728184,1,0
"Canillas de Aceituno","Vélez-Málaga",315.370299457091,87.0181185851858,177.388481523083,147.894751495642,316.82760308415,177.173606746729,133.155859305146,2,55.4542954097061
"Sedella","Vélez-Málaga",228.606617195448,32.4488622625366,65.6382633261905,113.150559594113,115.116933645516,63.1362195214108,40.9110274737879,2,449.846654780915
"Moclinejo","Vélez-Málaga",43.128768372851,0,0,6.20838470235624,6.12881773824378,12.4412731519071,10.296796693017,2,506.692162310472
"Frigiliana","Vélez-Málaga",0,0,202.454062342845,0,12.4748445342606,101.293890604607,0,2,6409.09422868109
"El Borge","Vélez-Málaga",172.615433417348,0,62.0303742137577,75.8144092114564,113.021271732964,78.2166259498935,53.2190670421988,2,1394.63597813756
"Salares","Vélez-Málaga",0,25.6863060558243,0,0,0,0,0,2,3860.80084799125
"Villanueva del Rosario","Villanueva de Algaidas",0,0,0,0,0,0,7.09118510009451,2,11635.1000406525
"Villanueva de Tapia","Villanueva de Algaidas",0,0,0,1.51678277156701,8.87467851704039,3.19401072692852,0,1,0
"Cuevas Bajas","Villanueva de Algaidas",0,0,0,0,3.11050186615654,0,27.8556002418309,1,0
"Alfarnate","Villanueva del Rosario",0.937129729384007,0,0,0,0,0,0,1,0
"Alfarnatejo","Villanueva del Trabuco",9.57017391770655,3.90431133769368,0,0,2.6234921270376,0,1.48549374564128,2,1548.11104933431
"Alfarnate","Villanueva del Trabuco",0,0,0,0,0.897665642784187,0,0,1,0
"Villanueva de Tapia","Villanueva del Trabuco",0,0,0,0,0,16.976514197543,1.22229917637077,2,7885.12348483286
"Alcaucín","Viñuela",0,0,16.25609754403,0,0,0,0,1,0
"Periana","Viñuela",0,0,39.5177150708813,0,0,0,0,1,0
"Canillas de Aceituno","Viñuela",0,0,95.6587266508823,0,0,0,0,1,0
"Sedella","Viñuela",0,0,25.3453490739961,0,0,0,0,2,996.87893863659
"Alozaina","Yunquera",0,0,0,19.8085610894382,0,0,1.01103127056476,1,0
"Benalmádena","Torremolinos",0,0,0,612.441689392974,0,0,232.285932280068,1,0
"Mijas","Torremolinos",0,0,0,2801.69400274272,0,0,0,2,3247.02803196281
"Fuengirola","Torremolinos",0,0,0,1224.37768062604,0,0,0,2,4744.00035655471
"Alhaurín de la Torre","Torremolinos",78.7111661224294,0,139.693357790688,457.526377293592,26.6172079509718,0,0,1,0
